"Time (s)","Latitude (°)","Longitude (°)","Height (m)","Velocity (m/s)","Direction (°)","Horizontal Accuracy (m)","Vertical Accuracy (m)"
2.592719770E-1,6.499655880E1,2.551600970E1,1.793480362E1,NaN,NaN,1.531200027E1,1.000000000E0
1.117460307E0,6.499655880E1,2.551600970E1,1.793480362E1,NaN,NaN,2.131800079E1,2.201200008E0
1.421030461E0,6.499655880E1,2.551600970E1,1.793480362E1,NaN,NaN,2.343899918E1,2.625400066E0
1.440511615E0,6.499655880E1,2.551600970E1,1.793480362E1,NaN,NaN,2.357900047E1,2.653399944E0
1.616613538E0,6.499655880E1,2.551600970E1,2.723480591E1,0.000000000E0,3.022999954E1,2.357900047E1,2.653399944E0
3.301271977E0,6.499677167E1,2.551597833E1,9.435006407E0,1.564240813E0,1.529600067E2,6.400000095E0,1.018000031E2
4.301271977E0,6.499672167E1,2.551603000E1,4.834953683E0,1.548799157E0,1.528399963E2,3.400000095E0,2.029999924E1
5.301271977E0,6.499669667E1,2.551603667E1,4.634929756E0,9.270147085E-1,1.562899933E2,3.099999905E0,1.900000000E1
6.301271977E0,6.499670333E1,2.551601333E1,2.534938876E0,4.205280542E-1,1.529600067E2,2.900000095E0,1.889999962E1
7.301271977E0,6.499665167E1,2.551599500E1,-2.651064923E-1,4.910449982E-1,1.613600006E2,2.500000000E0,1.870000076E1
8.946271977E0,6.499661500E1,2.551603500E1,1.034854574E0,9.666483402E-1,1.749600067E2,2.400000095E0,1.850000000E1
9.946271977E0,6.499658500E1,2.551607167E1,1.334822217E0,1.274452209E0,1.898899994E2,2.299999952E0,1.770000076E1
1.094627198E1,6.499655333E1,2.551608833E1,1.434790864E0,1.416000843E0,1.975800018E2,2.200000048E0,1.600000000E1
1.194627198E1,6.499652333E1,2.551610500E1,3.347610487E-1,1.128271103E0,1.871399994E2,2.099999905E0,1.480000019E1
1.294627198E1,6.499650500E1,2.551611167E1,-7.652567245E-1,6.047986150E-1,1.927899933E2,2.000000000E0,1.350000000E1
1.394627198E1,6.499650000E1,2.551610500E1,-1.565260493E0,8.595860749E-2,1.927899933E2,1.799999952E0,1.260000038E1
1.494627198E1,6.499649500E1,2.551610333E1,-1.065264897E0,6.485500187E-2,1.927899933E2,1.700000048E0,1.239999962E1
1.594627198E1,6.499648500E1,2.551610167E1,-6.527391754E-2,3.469227850E-1,2.070099945E2,1.600000024E0,1.160000038E1
1.694627198E1,6.499647333E1,2.551610333E1,1.234715100E0,5.265608430E-1,1.649799957E2,1.600000024E0,1.150000000E1
1.794627198E1,6.499646833E1,2.551610667E1,1.534710060E0,6.413438916E-1,1.627799988E2,1.600000024E0,1.200000000E1
1.894627198E1,6.499645333E1,2.551613000E1,2.334693245E0,9.491477609E-1,1.416100006E2,1.600000024E0,1.219999981E1
1.994627198E1,6.499644333E1,2.551615667E1,2.734680622E0,1.217832804E0,1.131699982E2,1.600000024E0,1.269999981E1
2.094627198E1,6.499643333E1,2.551619167E1,3.334666939E0,1.404162169E0,1.147099991E2,1.500000000E0,1.319999981E1
2.194627198E1,6.499642333E1,2.551622167E1,3.734653892E0,1.377911329E0,1.110800018E2,1.500000000E0,1.339999962E1
2.294627198E1,6.499642000E1,2.551626000E1,4.234645940E0,1.455634475E0,1.094400024E2,1.600000024E0,1.400000000E1
2.394627198E1,6.499641667E1,2.551629667E1,4.434638200E0,1.371219993E0,9.981999969E1,1.500000000E0,1.310000038E1
2.494627198E1,6.499641500E1,2.551633500E1,5.434631786E0,1.057754159E0,1.050800018E2,1.600000024E0,1.350000000E1
2.594627198E1,6.499641500E1,2.551636833E1,5.834627548E0,1.135477185E0,1.131900024E2,1.500000000E0,1.339999962E1
2.694627198E1,6.499641333E1,2.551640167E1,6.234621770E0,1.205479503E0,1.045000000E2,1.600000024E0,1.380000019E1
2.794627198E1,6.499641333E1,2.551643333E1,6.734617743E0,1.235848069E0,1.019199982E2,1.700000048E0,1.439999962E1
2.894627198E1,6.499641000E1,2.551646167E1,7.234611062E0,1.260554671E0,1.006600037E2,1.600000024E0,1.419999981E1
2.994627198E1,6.499640833E1,2.551648167E1,7.934606980E0,1.210111976E0,1.276900024E2,1.500000000E0,1.430000019E1
3.094627198E1,6.499640167E1,2.551649667E1,8.534598917E0,1.156580806E0,1.492299957E2,1.500000000E0,1.389999962E1
3.194627198E1,6.499639000E1,2.551650667E1,9.234586873E0,1.114888310E0,1.595500031E2,1.399999976E0,1.369999981E1
3.294627198E1,6.499638000E1,2.551652000E1,9.834575944E0,1.080916643E0,1.592200012E2,1.399999976E0,1.380000019E1
3.394627198E1,6.499636667E1,2.551652667E1,1.033456278E1,1.070622206E0,1.767500000E2,1.399999976E0,1.380000019E1
3.494627198E1,6.499635500E1,2.551652833E1,1.093455180E1,1.072166443E0,1.813899994E2,1.399999976E0,1.380000019E1
3.594627198E1,6.499634167E1,2.551653333E1,1.153453885E1,1.078857780E0,1.784299927E2,1.399999976E0,1.119999981E1
3.694627198E1,6.499633000E1,2.551653833E1,1.193452744E1,1.053121686E0,1.762899933E2,1.500000000E0,1.060000038E1
3.794627198E1,6.499632167E1,2.551654833E1,1.243451848E1,1.056724668E0,1.594900055E2,1.500000000E0,1.010000038E1
3.894627198E1,6.499630833E1,2.551656000E1,1.293450468E1,1.059298277E0,1.677700043E2,1.500000000E0,9.800000191E0
3.994627198E1,6.499629667E1,2.551656333E1,1.343449349E1,1.113344193E0,1.814499969E2,1.500000000E0,9.899999619E0
4.094627198E1,6.499628500E1,2.551656333E1,1.383448271E1,1.120550275E0,1.815099945E2,1.500000000E0,9.800000191E0
4.194627198E1,6.499627500E1,2.551656667E1,1.423447306E1,1.147830606E0,1.721199951E2,1.500000000E0,1.000000000E1
4.294627198E1,6.499626333E1,2.551657167E1,1.433446165E1,1.168419480E0,1.784799957E2,1.500000000E0,1.000000000E1
4.394627198E1,6.499625000E1,2.551657167E1,1.443444934E1,1.182316899E0,1.912299957E2,1.500000000E0,1.019999981E1
4.494627198E1,6.499623833E1,2.551657167E1,1.483443856E1,1.163786888E0,1.845399933E2,1.500000000E0,1.050000000E1
4.594627198E1,6.499622667E1,2.551657000E1,1.513442800E1,1.140624404E0,1.838800049E2,1.500000000E0,1.000000000E1
4.694627198E1,6.499621333E1,2.551657333E1,1.553441527E1,1.193126082E0,1.813899994E2,1.500000000E0,9.699999809E0
4.794627198E1,6.499620000E1,2.551657667E1,1.603440253E1,1.197243929E0,1.791699982E2,1.500000000E0,9.699999809E0
4.894627198E1,6.499619000E1,2.551657833E1,1.613439309E1,1.178713918E0,1.795299988E2,1.500000000E0,9.800000191E0
4.994627198E1,6.499617500E1,2.551658000E1,1.623437902E1,1.153492451E0,1.757899933E2,1.500000000E0,9.699999809E0
5.094627198E1,6.499616000E1,2.551657333E1,1.663436602E1,1.183861136E0,1.882700043E2,1.500000000E0,9.600000381E0
5.194627198E1,6.499614500E1,2.551656000E1,1.673435387E1,1.170993090E0,1.921100006E2,1.500000000E0,9.800000191E0
5.294627198E1,6.499612833E1,2.551654833E1,1.663433996E1,1.142683387E0,1.949299927E2,1.500000000E0,1.050000000E1
5.394627198E1,6.499611500E1,2.551654667E1,1.673432786E1,1.129300594E0,1.831399994E2,1.500000000E0,1.000000000E1
5.494627198E1,6.499610333E1,2.551655000E1,1.673431667E1,1.138565540E0,1.757799988E2,1.500000000E0,1.019999981E1
5.594627198E1,6.499609167E1,2.551656000E1,1.673430462E1,1.144742250E0,1.752599945E2,1.500000000E0,1.019999981E1
5.694627198E1,6.499608000E1,2.551657000E1,1.673429257E1,1.086063862E0,1.596999969E2,1.500000000E0,1.039999962E1
5.794627198E1,6.499606833E1,2.551658000E1,1.673428053E1,1.091725826E0,1.623300018E2,1.500000000E0,9.399999619E0
5.894627198E1,6.499605500E1,2.551658333E1,1.673426779E1,1.138050795E0,1.744799957E2,1.500000000E0,9.100000381E0
5.994627198E1,6.499604167E1,2.551658500E1,1.673425527E1,1.143198013E0,1.738500061E2,1.500000000E0,8.899999619E0
6.094627198E1,6.499603167E1,2.551658333E1,1.683424625E1,1.103564501E0,1.831600037E2,1.500000000E0,9.100000381E0
6.194627198E1,6.499602000E1,2.551657667E1,1.693423632E1,1.108711720E0,1.784299927E2,1.500000000E0,9.100000381E0
6.294627198E1,6.499600667E1,2.551658000E1,1.703422359E1,1.119006157E0,1.742700043E2,1.500000000E0,9.199999809E0
6.394627198E1,6.499599167E1,2.551658833E1,1.693420868E1,1.103049755E0,1.664499969E2,1.500000000E0,9.199999809E0
6.494627198E1,6.499598000E1,2.551658333E1,1.683419854E1,1.093269944E0,1.781100006E2,1.500000000E0,9.300000191E0
6.594627198E1,6.499596667E1,2.551657833E1,1.673418687E1,1.130844712E0,1.728800049E2,1.399999976E0,9.600000381E0
6.694627198E1,6.499595167E1,2.551657833E1,1.673417301E1,1.176140308E0,1.719299927E2,1.399999976E0,9.600000381E0
6.794627198E1,6.499593667E1,2.551657167E1,1.673416001E1,1.191067219E0,1.715599976E2,1.399999976E0,9.600000381E0
6.894627198E1,6.499592167E1,2.551657500E1,1.673414574E1,1.161213279E0,1.702899933E2,1.399999976E0,9.600000381E0
6.994627198E1,6.499591000E1,2.551657667E1,1.673413475E1,1.177169681E0,1.809600067E2,1.299999952E0,9.800000191E0
7.094627198E1,6.499589833E1,2.551657667E1,1.673412398E1,1.198788047E0,1.816399994E2,1.299999952E0,9.300000191E0
7.194627198E1,6.499588833E1,2.551657667E1,1.673411475E1,1.210626721E0,1.781600037E2,1.299999952E0,9.100000381E0
7.294627198E1,6.499587500E1,2.551657667E1,1.663410244E1,1.217318058E0,1.811999969E2,1.299999952E0,9.399999619E0
7.394627198E1,6.499586333E1,2.551657833E1,1.663409145E1,1.232244968E0,1.726600037E2,1.299999952E0,9.100000381E0
7.494627198E1,6.499585000E1,2.551658500E1,1.653407829E1,1.244083643E0,1.753500061E2,1.299999952E0,9.199999809E0
7.594627198E1,6.499584000E1,2.551658833E1,1.633406863E1,1.233789206E0,1.684900055E2,1.299999952E0,9.300000191E0
7.694627198E1,6.499582833E1,2.551659333E1,1.613405722E1,1.212170839E0,1.803999939E2,1.299999952E0,9.500000000E0
7.794627198E1,6.499581833E1,2.551659667E1,1.603404756E1,1.208567739E0,1.679799957E2,1.299999952E0,9.500000000E0
7.894627198E1,6.499580667E1,2.551660667E1,1.583403552E1,1.232244968E0,1.703899994E2,1.299999952E0,9.199999809E0
7.994627198E1,6.499579500E1,2.551661167E1,1.573402411E1,1.234818578E0,1.727400055E2,1.299999952E0,9.100000381E0
8.094627198E1,6.499578333E1,2.551661667E1,1.553401270E1,1.233789206E0,1.665500031E2,1.299999952E0,9.100000381E0
8.194627198E1,6.499577667E1,2.551662000E1,1.533400612E1,1.209597230E0,1.729100037E2,1.299999952E0,9.100000381E0
8.294627198E1,6.499576667E1,2.551662167E1,1.513399667E1,1.200846910E0,1.722100067E2,1.299999952E0,9.500000000E0
8.394627198E1,6.499575667E1,2.551662667E1,1.493398680E1,1.214229703E0,1.654100037E2,1.299999952E0,9.500000000E0
8.494627198E1,6.499574500E1,2.551663500E1,1.473397497E1,1.240995288E0,1.687700043E2,1.299999952E0,9.600000381E0
8.594627198E1,6.499573333E1,2.551664167E1,1.443396334E1,1.236877441E0,1.728000031E2,1.299999952E0,9.500000000E0
8.694627198E1,6.499572333E1,2.551665000E1,1.403395305E1,1.250774980E0,1.620399933E2,1.399999976E0,9.600000381E0
8.794627198E1,6.499571500E1,2.551666167E1,1.413394387E1,1.259525299E0,1.648600006E2,1.500000000E0,9.800000191E0
8.894627198E1,6.499570500E1,2.551667667E1,1.453393272E1,1.216288567E0,1.632899933E2,1.500000000E0,9.300000191E0
8.994627198E1,6.499569667E1,2.551668500E1,1.493392397E1,1.229671359E0,1.733399963E2,1.500000000E0,9.300000191E0
9.094627198E1,6.499568667E1,2.551669167E1,1.513391388E1,1.239451170E0,1.708399963E2,1.399999976E0,9.500000000E0
9.194627198E1,6.499567833E1,2.551669167E1,1.553390619E1,1.250774980E0,1.663800049E2,1.399999976E0,8.899999619E0
9.294627198E1,6.499566833E1,2.551670000E1,1.603389589E1,1.269819736E0,1.591999969E2,1.399999976E0,9.199999809E0
9.394627198E1,6.499565667E1,2.551670833E1,1.653388406E1,1.247686625E0,1.680700073E2,1.500000000E0,9.399999619E0
9.494627198E1,6.499564500E1,2.551671000E1,1.713387307E1,1.215259194E0,1.758500061E2,1.600000024E0,9.600000381E0
9.594627198E1,6.499563333E1,2.551671167E1,1.783386209E1,1.228127241E0,1.699499969E2,1.600000024E0,9.600000381E0
9.694627198E1,6.499562000E1,2.551672333E1,1.833384829E1,1.240995288E0,1.648300018E2,1.500000000E0,9.600000381E0
9.794627198E1,6.499560667E1,2.551673833E1,1.903383406E1,1.212170839E0,1.718699951E2,1.600000024E0,9.500000000E0
9.894627198E1,6.499559667E1,2.551674167E1,1.963382440E1,1.199302793E0,1.595099945E2,1.500000000E0,9.800000191E0
9.994627198E1,6.499558833E1,2.551675333E1,2.023381522E1,1.185405254E0,1.674199982E2,1.500000000E0,9.399999619E0
1.009462720E2,6.499557500E1,2.551676333E1,2.063380164E1,1.187464118E0,1.691600037E2,1.500000000E0,9.600000381E0
1.019462720E2,6.499556333E1,2.551677500E1,2.083378938E1,1.196729183E0,1.611499939E2,1.600000024E0,9.500000000E0
1.029462720E2,6.499555333E1,2.551678833E1,2.093377844E1,1.163272262E0,1.581600037E2,1.600000024E0,9.699999809E0
1.039462720E2,6.499554500E1,2.551679500E1,2.133376990E1,1.144227505E0,1.686999969E2,1.500000000E0,9.600000381E0
1.049462720E2,6.499553500E1,2.551679833E1,2.183376024E1,1.138050795E0,1.665500031E2,1.500000000E0,9.800000191E0
1.059462720E2,6.499552500E1,2.551680167E1,2.223375058E1,1.111285329E0,1.715000000E2,1.500000000E0,9.600000381E0
1.069462720E2,6.499551333E1,2.551680500E1,2.253373938E1,1.079372525E0,1.644799957E2,1.500000000E0,9.800000191E0
1.079462720E2,6.499550333E1,2.551681167E1,2.273372930E1,1.089666963E0,1.674100037E2,1.500000000E0,1.019999981E1
1.089462720E2,6.499549333E1,2.551682000E1,2.273371900E1,1.133418322E0,1.580200043E2,1.500000000E0,1.039999962E1
1.099462720E2,6.499548333E1,2.551683333E1,2.283370807E1,1.108196974E0,1.837400055E2,1.399999976E0,9.699999809E0
1.109462720E2,6.499547333E1,2.551683667E1,2.283369841E1,1.080916643E0,1.722200012E2,1.399999976E0,9.899999619E0
1.119462720E2,6.499546167E1,2.551684833E1,2.303368615E1,1.057239413E0,1.767299957E2,1.500000000E0,1.010000038E1
1.129462720E2,6.499545167E1,2.551686167E1,2.313367521E1,1.076284170E0,1.658899994E2,1.500000000E0,1.030000019E1
1.139462720E2,6.499544000E1,2.551687167E1,2.313366316E1,1.087093353E0,1.626699982E2,1.500000000E0,1.069999981E1
1.149462720E2,6.499543000E1,2.551688167E1,2.303365265E1,1.059298277E0,1.976300049E2,1.600000024E0,1.100000000E1
1.159462720E2,6.499542000E1,2.551688000E1,2.303364363E1,1.039224148E0,1.801100006E2,1.600000024E0,1.130000019E1
1.169462720E2,6.499541000E1,2.551688333E1,2.293363397E1,1.021208882E0,1.921600037E2,1.600000024E0,1.160000038E1
1.179462720E2,6.499540167E1,2.551688667E1,2.283362585E1,9.928991795E-1,1.924400024E2,1.600000024E0,1.139999962E1
1.189462720E2,6.499539167E1,2.551689667E1,2.273361534E1,9.470888972E-1,1.892899933E2,1.600000024E0,1.110000038E1
1.199462720E2,6.499538000E1,2.551689833E1,2.283360436E1,9.470888972E-1,1.956900024E2,1.600000024E0,1.130000019E1
1.209462720E2,6.499537000E1,2.551689333E1,2.303359576E1,9.769427776E-1,2.017299957E2,1.600000024E0,1.150000000E1
1.219462720E2,6.499535833E1,2.551689333E1,2.343358498E1,9.928991795E-1,1.920000000E2,1.600000024E0,1.160000038E1
1.229462720E2,6.499534667E1,2.551690333E1,2.353357294E1,9.851783514E-1,1.765000000E2,1.600000024E0,1.189999962E1
1.239462720E2,6.499533833E1,2.551691333E1,2.403356396E1,9.486330748E-1,1.748500061E2,1.700000048E0,1.180000019E1
1.249462720E2,6.499533000E1,2.551692333E1,2.393355499E1,9.558391571E-1,1.687100067E2,1.600000024E0,1.210000038E1
1.259462720E2,6.499532000E1,2.551693167E1,2.413354470E1,9.681925178E-1,1.800000000E2,1.700000048E0,1.260000038E1
1.269462720E2,6.499531000E1,2.551694000E1,2.413353440E1,9.841488600E-1,1.732899933E2,1.700000048E0,1.369999981E1
1.279462720E2,6.499530167E1,2.551694667E1,2.423352585E1,1.002678871E0,1.793899994E2,1.600000024E0,1.410000038E1
1.289462720E2,6.499529333E1,2.551695167E1,2.433351752E1,1.008340836E0,1.858800049E2,1.600000024E0,1.419999981E1
1.299462720E2,6.499528500E1,2.551695833E1,2.483350897E1,1.023267746E0,1.773000031E2,1.700000048E0,1.460000038E1
1.309462720E2,6.499527667E1,2.551696500E1,2.523350043E1,1.009370327E0,1.762100067E2,1.700000048E0,1.489999962E1
1.319462720E2,6.499527167E1,2.551697167E1,2.543349496E1,9.784869552E-1,1.703300018E2,1.799999952E0,1.480000019E1
1.329462720E2,6.499526333E1,2.551697000E1,2.533348748E1,9.609863758E-1,1.675899963E2,1.799999952E0,1.400000000E1
1.339462720E2,6.499525167E1,2.551697000E1,2.533347670E1,9.959874749E-1,1.677299957E2,1.799999952E0,1.330000019E1
1.349462720E2,6.499524167E1,2.551697167E1,2.513346725E1,9.733397365E-1,1.589400024E2,1.799999952E0,1.310000038E1
1.359462720E2,6.499523167E1,2.551698500E1,2.493345632E1,9.465741515E-1,1.563800049E2,1.799999952E0,1.289999962E1
1.369462720E2,6.499522167E1,2.551699000E1,2.493344645E1,9.295883179E-1,1.684100037E2,1.700000048E0,1.289999962E1
1.379462720E2,6.499521333E1,2.551699833E1,2.493343769E1,9.156908393E-1,1.643699951E2,1.700000048E0,1.269999981E1
1.389462720E2,6.499520500E1,2.551700167E1,2.483342957E1,9.012786150E-1,1.646300049E2,1.700000048E0,1.300000000E1
1.399462720E2,6.499519500E1,2.551700333E1,2.463342012E1,8.673069477E-1,1.677700043E2,1.700000048E0,1.319999981E1
1.409462720E2,6.499518833E1,2.551700667E1,2.443341354E1,8.317911029E-1,1.652100067E2,1.700000048E0,1.300000000E1
1.419462720E2,6.499517833E1,2.551700167E1,2.433340494E1,8.225260973E-1,1.683999939E2,1.799999952E0,1.319999981E1
1.429462720E2,6.499516833E1,2.551699000E1,2.423339719E1,8.055402637E-1,1.753500061E2,1.799999952E0,1.280000019E1
1.439462720E2,6.499515833E1,2.551699000E1,2.413338796E1,7.792894244E-1,1.747799988E2,1.799999952E0,1.319999981E1
1.449462720E2,6.499514500E1,2.551698167E1,2.393337671E1,8.101727962E-1,1.780500031E2,1.799999952E0,1.350000000E1
1.459462720E2,6.499513500E1,2.551696667E1,2.393336939E1,8.204672337E-1,1.794600067E2,1.899999976E0,1.260000038E1
1.469462720E2,6.499512000E1,2.551694667E1,2.413335809E1,8.266438842E-1,1.843800049E2,1.899999976E0,1.250000000E1
1.479462720E2,6.499510500E1,2.551692667E1,2.443334678E1,8.379677534E-1,1.869600067E2,1.799999952E0,1.280000019E1
1.489462720E2,6.499508833E1,2.551691667E1,2.503333267E1,8.781161308E-1,1.836499939E2,1.899999976E0,1.139999962E1
1.499462720E2,6.499507500E1,2.551691000E1,2.563332121E1,9.172350168E-1,1.713399963E2,1.799999952E0,1.010000038E1
1.509462720E2,6.499506167E1,2.551690500E1,2.603330953E1,9.306177497E-1,1.610599976E2,1.799999952E0,9.899999619E0
1.519462720E2,6.499505000E1,2.551689333E1,2.653330025E1,9.141466618E-1,1.699299927E2,1.799999952E0,1.019999981E1
1.529462720E2,6.499503667E1,2.551689000E1,2.643328836E1,9.146614075E-1,1.697200012E2,1.700000048E0,1.010000038E1
1.539462720E2,6.499502333E1,2.551687833E1,2.643327753E1,9.203233123E-1,1.735099945E2,1.700000048E0,1.030000019E1
1.549462720E2,6.499501000E1,2.551686167E1,2.653326735E1,8.920136094E-1,1.694299927E2,1.799999952E0,1.069999981E1
1.559462720E2,6.499499667E1,2.551685333E1,2.663325610E1,8.827486038E-1,1.681000061E2,1.700000048E0,9.500000000E0
1.569462720E2,6.499498333E1,2.551684333E1,2.663324506E1,8.590713739E-1,1.694199982E2,1.799999952E0,9.600000381E0
1.579462720E2,6.499496833E1,2.551684167E1,2.583323142E1,8.312764168E-1,1.750599976E2,1.700000048E0,9.399999619E0
1.589462720E2,6.499495500E1,2.551682833E1,2.583322081E1,7.875249982E-1,1.821799927E2,1.700000048E0,9.399999619E0
1.599462720E2,6.499494167E1,2.551681833E1,2.573320978E1,7.550975084E-1,1.836199951E2,1.700000048E0,9.500000000E0
1.609462720E2,6.499492833E1,2.551682000E1,2.543319725E1,7.556121945E-1,1.892799988E2,1.600000024E0,9.300000191E0
1.619462720E2,6.499491833E1,2.551681000E1,2.503318929E1,7.751716375E-1,1.996000061E2,1.600000024E0,9.600000381E0
1.629462720E2,6.499490500E1,2.551679833E1,2.463317847E1,8.019372225E-1,2.148200073E2,1.600000024E0,9.500000000E0
1.639462720E2,6.499489667E1,2.551678500E1,2.413317248E1,8.209819198E-1,2.198300018E2,1.600000024E0,9.600000381E0
1.649462720E2,6.499488667E1,2.551677000E1,2.393316516E1,8.616449833E-1,2.238600006E2,1.600000024E0,8.600000381E0
1.659462720E2,6.499487667E1,2.551675667E1,2.383315762E1,8.909841776E-1,2.292799988E2,1.600000024E0,8.699999809E0
1.669462720E2,6.499487000E1,2.551673833E1,2.373315381E1,9.089994431E-1,2.406600037E2,1.600000024E0,9.100000381E0
1.679462720E2,6.499486500E1,2.551672000E1,2.383315153E1,9.234116673E-1,2.393899994E2,1.600000024E0,9.100000381E0
1.689462720E2,6.499485833E1,2.551671000E1,2.323314665E1,9.414269328E-1,2.302100067E2,1.600000024E0,8.699999809E0
1.699462720E2,6.499485167E1,2.551668500E1,2.283314369E1,9.851783514E-1,2.338899994E2,1.600000024E0,8.500000000E0
1.709462720E2,6.499485000E1,2.551665833E1,2.253314555E1,9.815752506E-1,2.477299957E2,1.600000024E0,8.500000000E0
1.719462720E2,6.499484667E1,2.551663500E1,2.233314545E1,9.784869552E-1,2.462799988E2,1.600000024E0,8.199999809E0
1.729462720E2,6.499484167E1,2.551661000E1,2.223314403E1,9.728249907E-1,2.336000061E2,1.600000024E0,8.000000000E0
1.739462720E2,6.499483333E1,2.551658833E1,2.173313910E1,9.434858561E-1,2.225000000E2,1.600000024E0,8.199999809E0
1.749462720E2,6.499482500E1,2.551657667E1,2.173313290E1,9.239264131E-1,2.094299927E2,1.600000024E0,8.100000381E0
1.759462720E2,6.499481500E1,2.551655333E1,2.163312664E1,9.239264131E-1,2.102899933E2,1.500000000E0,7.900000095E0
1.769462720E2,6.499480333E1,2.551653833E1,2.123311778E1,9.331913590E-1,1.933500061E2,1.600000024E0,8.199999809E0
1.779462720E2,6.499479500E1,2.551653667E1,2.083311030E1,9.568685889E-1,2.057799988E2,1.600000024E0,8.399999619E0
1.789462720E2,6.499478167E1,2.551652667E1,2.063309927E1,9.892961383E-1,1.836699982E2,1.600000024E0,8.399999619E0
1.799462720E2,6.499477333E1,2.551653500E1,2.033309051E1,9.687072039E-1,1.797899933E2,1.600000024E0,8.500000000E0
1.809462720E2,6.499476333E1,2.551653500E1,1.993308128E1,1.004737735E0,1.777299957E2,1.600000024E0,9.100000381E0
1.819462720E2,6.499475167E1,2.551654333E1,1.903306944E1,1.061871886E0,1.656100006E2,1.600000024E0,8.399999619E0
1.829462720E2,6.499474000E1,2.551655500E1,1.863305718E1,1.064960241E0,1.653399963E2,1.600000024E0,8.699999809E0
1.839462720E2,6.499473333E1,2.551656333E1,1.823304996E1,1.084004998E0,1.628300018E2,1.600000024E0,8.800000191E0
1.849462720E2,6.499472333E1,2.551657333E1,1.763303945E1,1.105623364E0,1.606699982E2,1.600000024E0,8.899999619E0
1.859462720E2,6.499471333E1,2.551658667E1,1.703302851E1,1.106652737E0,1.523399963E2,1.600000024E0,8.600000381E0
1.869462720E2,6.499470333E1,2.551660000E1,1.663301757E1,1.138050795E0,1.581199951E2,1.500000000E0,8.600000381E0
1.879462720E2,6.499469333E1,2.551661500E1,1.653300642E1,1.116432548E0,1.567299957E2,1.600000024E0,8.699999809E0
1.889462720E2,6.499468500E1,2.551663333E1,1.643299639E1,1.129300594E0,1.470599976E2,1.500000000E0,8.899999619E0
1.899462720E2,6.499467333E1,2.551665333E1,1.593298306E1,1.145771623E0,1.433699951E2,1.600000024E0,9.199999809E0
1.909462720E2,6.499466333E1,2.551667500E1,1.563297106E1,1.144227505E0,1.468300018E2,1.600000024E0,9.199999809E0
1.919462720E2,6.499465333E1,2.551669167E1,1.533295969E1,1.132388830E0,1.508500061E2,1.600000024E0,9.100000381E0
1.929462720E2,6.499464500E1,2.551671333E1,1.523294923E1,1.156580806E0,1.414199982E2,1.600000024E0,8.800000191E0
1.939462720E2,6.499463500E1,2.551673000E1,1.493293787E1,1.190552473E0,1.468500061E2,1.600000024E0,8.899999619E0
1.949462720E2,6.499462500E1,2.551675167E1,1.503292587E1,1.193126082E0,1.351499939E2,1.600000024E0,9.300000191E0
1.959462720E2,6.499461833E1,2.551677333E1,1.483291694E1,1.181287527E0,1.439499969E2,1.600000024E0,9.300000191E0
1.969462720E2,6.499461333E1,2.551678500E1,1.463291084E1,1.168419480E0,1.546600037E2,1.600000024E0,9.000000000E0
1.979462720E2,6.499460667E1,2.551679833E1,1.423290298E1,1.186949492E0,1.507400055E2,1.600000024E0,9.000000000E0
1.989462720E2,6.499459500E1,2.551680333E1,1.393289156E1,1.132388830E0,1.637799988E2,1.600000024E0,9.000000000E0
1.999462720E2,6.499458833E1,2.551681833E1,1.373288349E1,1.118491411E0,1.464700012E2,1.600000024E0,8.899999619E0
2.009462720E2,6.499457833E1,2.551683333E1,1.343287234E1,1.103049755E0,1.492700043E2,1.600000024E0,9.100000381E0
2.019462720E2,6.499456833E1,2.551685167E1,1.313286076E1,1.095843554E0,1.368600006E2,1.600000024E0,9.600000381E0
2.029462720E2,6.499456167E1,2.551686833E1,1.293285248E1,1.061357260E0,1.478899994E2,1.600000024E0,9.600000381E0
2.039462720E2,6.499455667E1,2.551688167E1,1.243284616E1,1.022753000E0,1.436100006E2,1.600000024E0,9.500000000E0
2.049462720E2,6.499455000E1,2.551690167E1,1.223283745E1,9.975316525E-1,1.518699951E2,1.600000024E0,9.600000381E0
2.059462720E2,6.499454000E1,2.551691500E1,1.213282651E1,9.980463982E-1,1.494199982E2,1.600000024E0,9.399999619E0
2.069462720E2,6.499453333E1,2.551692833E1,1.213281865E1,9.635599852E-1,1.361799927E2,1.600000024E0,9.100000381E0
2.079462720E2,6.499452667E1,2.551694833E1,1.233280993E1,9.728249907E-1,1.425500031E2,1.600000024E0,8.399999619E0
2.089462720E2,6.499451667E1,2.551697000E1,1.233279793E1,9.748839140E-1,1.285000000E2,1.600000024E0,8.800000191E0
2.099462720E2,6.499450667E1,2.551698833E1,1.223278635E1,9.856930375E-1,1.350800018E2,1.600000024E0,8.899999619E0
2.109462720E2,6.499449667E1,2.551700000E1,1.213277563E1,9.867225289E-1,1.422100067E2,1.600000024E0,9.199999809E0
2.119462720E2,6.499448500E1,2.551700500E1,1.183276421E1,9.707661271E-1,1.562899933E2,1.600000024E0,9.000000000E0
2.129462720E2,6.499447333E1,2.551701833E1,1.163275174E1,1.025841355E0,1.554499969E2,1.600000024E0,9.100000381E0
2.139462720E2,6.499446167E1,2.551703500E1,1.133273883E1,1.077828288E0,1.451199951E2,1.600000024E0,9.199999809E0
2.149462720E2,6.499445167E1,2.551705667E1,1.113272683E1,1.127241611E0,1.367400055E2,1.600000024E0,9.399999619E0
2.159462720E2,6.499444333E1,2.551707167E1,1.093271721E1,1.157610297E0,1.416000061E2,1.600000024E0,9.500000000E0
2.169462720E2,6.499443667E1,2.551709333E1,1.113270829E1,1.181802273E0,1.408800049E2,1.600000024E0,9.500000000E0
2.179462720E2,6.499442833E1,2.551711500E1,1.133269782E1,1.189008355E0,1.275800018E2,1.600000024E0,9.100000381E0
2.189462720E2,6.499442333E1,2.551713667E1,1.133269044E1,1.246657252E0,1.400899963E2,1.600000024E0,9.199999809E0
2.199462720E2,6.499441500E1,2.551714833E1,1.153268125E1,1.240995288E0,1.390500031E2,1.600000024E0,9.300000191E0
2.209462720E2,6.499440833E1,2.551716000E1,1.173267360E1,1.248201370E0,1.495299988E2,1.600000024E0,9.399999619E0
2.219462720E2,6.499440333E1,2.551717167E1,1.173266749E1,1.258495808E0,1.412200012E2,1.500000000E0,9.800000191E0
2.229462720E2,6.499439667E1,2.551718667E1,1.183265942E1,1.246142507E0,1.446799927E2,1.500000000E0,9.500000000E0
2.239462720E2,6.499439000E1,2.551720833E1,1.213265049E1,1.195184946E0,1.386600037E2,1.600000024E0,9.600000381E0
2.249462720E2,6.499438333E1,2.551722500E1,1.283264220E1,1.174596071E0,1.392100067E2,1.600000024E0,9.399999619E0
2.259462720E2,6.499437667E1,2.551724500E1,1.313263349E1,1.122609138E0,1.524100037E2,1.500000000E0,9.399999619E0
2.269462720E2,6.499436833E1,2.551726333E1,1.373262345E1,1.112829447E0,1.445599976E2,1.500000000E0,9.399999619E0
2.279462720E2,6.499436167E1,2.551727833E1,1.443261538E1,1.116947174E0,1.349700012E2,1.500000000E0,9.399999619E0
2.289462720E2,6.499435500E1,2.551730500E1,1.473260581E1,1.105108619E0,1.325099945E2,1.600000024E0,9.300000191E0
2.299462720E2,6.499434667E1,2.551733500E1,1.503259428E1,1.100476146E0,1.337899933E2,1.600000024E0,9.199999809E0
2.309462720E2,6.499433833E1,2.551735667E1,1.523258381E1,1.113858938E0,1.393099976E2,1.600000024E0,9.100000381E0
2.319462720E2,6.499433000E1,2.551737833E1,1.543257334E1,1.140109777E0,1.310599976E2,1.600000024E0,9.199999809E0
2.329462720E2,6.499432333E1,2.551739500E1,1.593256506E1,1.135991931E0,1.376600037E2,1.600000024E0,9.100000381E0
2.339462720E2,6.499431500E1,2.551741500E1,1.683255480E1,1.167389989E0,1.434900055E2,1.500000000E0,9.199999809E0
2.349462720E2,6.499430667E1,2.551743833E1,1.743254412E1,1.174596071E0,1.408699951E2,1.500000000E0,8.899999619E0
2.359462720E2,6.499429667E1,2.551746000E1,1.773253212E1,1.235333323E0,1.415000000E2,1.500000000E0,9.000000000E0
2.369462720E2,6.499428667E1,2.551748000E1,1.773252032E1,1.255922198E0,1.410299988E2,1.500000000E0,8.899999619E0
2.379462720E2,6.499427833E1,2.551750333E1,1.793250964E1,1.250260234E0,1.378200073E2,1.500000000E0,8.899999619E0
2.389462720E2,6.499427000E1,2.551752500E1,1.793249917E1,1.252833843E0,1.311499939E2,1.500000000E0,8.699999809E0
2.399462720E2,6.499426000E1,2.551754667E1,1.793248717E1,1.260554671E0,1.431199951E2,1.500000000E0,8.600000381E0
2.409472720E2,6.499425000E1,2.551756667E1,1.773247537E1,1.259525299E0,1.439900055E2,1.500000000E0,8.800000191E0
2.419472720E2,6.499424167E1,2.551758333E1,1.763246554E1,1.252833843E0,1.374100037E2,1.399999976E0,8.699999809E0
2.429472720E2,6.499423333E1,2.551760333E1,1.743245529E1,1.244083643E0,1.396399994E2,1.500000000E0,8.800000191E0
2.439472720E2,6.499422500E1,2.551762333E1,1.743244503E1,1.244083643E0,1.331999969E2,1.500000000E0,8.800000191E0
2.449472720E2,6.499421500E1,2.551764333E1,1.713243324E1,1.255407453E0,1.326199951E2,1.500000000E0,9.000000000E0
2.459472720E2,6.499420500E1,2.551766333E1,1.653242145E1,1.258495808E0,1.344900055E2,1.500000000E0,9.000000000E0
2.469472720E2,6.499419667E1,2.551768333E1,1.603241119E1,1.283717275E0,1.363200073E2,1.500000000E0,9.100000381E0
2.479472720E2,6.499418667E1,2.551770167E1,1.573239961E1,1.303791404E0,1.343899994E2,1.500000000E0,9.100000381E0
2.489472720E2,6.499417500E1,2.551771667E1,1.553238691E1,1.285261393E0,1.425800018E2,1.500000000E0,9.399999619E0
2.499472720E2,6.499416333E1,2.551773500E1,1.533237379E1,1.292467475E0,1.454299927E2,1.500000000E0,9.600000381E0
2.509472720E2,6.499415667E1,2.551775167E1,1.493236550E1,1.299158931E0,1.403099976E2,1.500000000E0,9.800000191E0
2.519472720E2,6.499414667E1,2.551777500E1,1.463235328E1,1.307909131E0,1.391900024E2,1.500000000E0,9.399999619E0
2.529472720E2,6.499413833E1,2.551779333E1,1.453234324E1,1.303791404E0,1.593500061E2,1.600000024E0,8.899999619E0
2.539472720E2,6.499412833E1,2.551780333E1,1.513233272E1,1.321806669E0,1.639900055E2,1.500000000E0,8.600000381E0
2.549472720E2,6.499411500E1,2.551780833E1,1.563231976E1,1.319233060E0,1.694700012E2,1.500000000E0,8.500000000E0
2.559472720E2,6.499410333E1,2.551781000E1,1.593230877E1,1.308423877E0,1.941499939E2,1.500000000E0,8.199999809E0
2.569472720E2,6.499409167E1,2.551780333E1,1.603229885E1,1.303276658E0,2.055899963E2,1.500000000E0,8.300000191E0
2.579472720E2,6.499408167E1,2.551778833E1,1.623229153E1,1.292982221E0,2.107599945E2,1.500000000E0,8.000000000E0
2.589472720E2,6.499407333E1,2.551776833E1,1.663228639E1,1.318203568E0,2.066799927E2,1.500000000E0,8.199999809E0
2.599472720E2,6.499406000E1,2.551775500E1,1.723227578E1,1.323865533E0,2.088699951E2,1.500000000E0,7.900000095E0
2.609472720E2,6.499404667E1,2.551773333E1,1.733226623E1,1.347028017E0,2.117500000E2,1.500000000E0,7.900000095E0
2.619472720E2,6.499403667E1,2.551771667E1,1.743225913E1,1.357322454E0,2.119799957E2,1.500000000E0,7.900000095E0
2.629472720E2,6.499402833E1,2.551769833E1,1.753225378E1,1.376881957E0,2.191699982E2,1.500000000E0,7.800000191E0
2.639472720E2,6.499401667E1,2.551768167E1,1.743224513E1,1.389235258E0,2.086900024E2,1.500000000E0,8.000000000E0
2.649472720E2,6.499400500E1,2.551766167E1,1.703223691E1,1.397985578E0,2.048699951E2,1.500000000E0,7.900000095E0
2.659472720E2,6.499399000E1,2.551765167E1,1.663222434E1,1.408280015E0,1.973500061E2,1.500000000E0,7.800000191E0
2.669472720E2,6.499397667E1,2.551764500E1,1.643221287E1,1.405191660E0,1.916100006E2,1.399999976E0,8.000000000E0
2.679472720E2,6.499396333E1,2.551764167E1,1.623220099E1,1.416515589E0,1.857299957E2,1.399999976E0,8.100000381E0
2.689472720E2,6.499395000E1,2.551763667E1,1.603218931E1,1.400044441E0,1.867799988E2,1.500000000E0,8.199999809E0
2.699472720E2,6.499393833E1,2.551763333E1,1.593217896E1,1.399014950E0,1.811900024E2,1.399999976E0,8.100000381E0
2.709472720E2,6.499392500E1,2.551763167E1,1.573216686E1,1.379970312E0,1.766399994E2,1.500000000E0,8.199999809E0
2.719472720E2,6.499391333E1,2.551762833E1,1.563215651E1,1.359381437E0,1.795299988E2,1.500000000E0,8.199999809E0
2.729472720E2,6.499390167E1,2.551763333E1,1.533214509E1,1.360925555E0,1.698800049E2,1.500000000E0,8.100000381E0
2.739472720E2,6.499389000E1,2.551764500E1,1.523213282E1,1.345483899E0,1.684499969E2,1.500000000E0,8.100000381E0
2.749472720E2,6.499387833E1,2.551765333E1,1.523212098E1,1.350116372E0,1.598899994E2,1.500000000E0,8.199999809E0
2.759472720E2,6.499386667E1,2.551766667E1,1.523210849E1,1.377911329E0,1.564199982E2,1.500000000E0,8.300000191E0
2.769472720E2,6.499385500E1,2.551768000E1,1.503209601E1,1.391808867E0,1.554900055E2,1.500000000E0,8.300000191E0
2.779472720E2,6.499384333E1,2.551769000E1,1.503208395E1,1.409309387E0,1.557500000E2,1.500000000E0,8.600000381E0
2.789472720E2,6.499383333E1,2.551770167E1,1.503207322E1,1.405706406E0,1.516000061E2,1.500000000E0,8.500000000E0
2.799472720E2,6.499382333E1,2.551771333E1,1.503206249E1,1.407250524E0,1.495599976E2,1.500000000E0,8.399999619E0
2.809472720E2,6.499381500E1,2.551772833E1,1.463205287E1,1.382029176E0,1.420899963E2,1.500000000E0,8.600000381E0
2.819472720E2,6.499381000E1,2.551774833E1,1.433204569E1,1.385632277E0,1.388099976E2,1.500000000E0,8.500000000E0
2.829472720E2,6.499380000E1,2.551777667E1,1.403203283E1,1.384088039E0,1.364799957E2,1.500000000E0,8.399999619E0
2.839472720E2,6.499379000E1,2.551780333E1,1.383202018E1,1.385117531E0,1.435299988E2,1.500000000E0,8.399999619E0
2.849472720E2,6.499377333E1,2.551782000E1,1.383200265E1,1.368131638E0,1.484700012E2,1.500000000E0,8.300000191E0
2.859472720E2,6.499376000E1,2.551783833E1,1.353198799E1,1.332101107E0,1.415899963E2,1.500000000E0,8.399999619E0
2.869472720E2,6.499374667E1,2.551785667E1,1.333197332E1,1.328498006E0,1.493200073E2,1.500000000E0,8.199999809E0
2.879472720E2,6.499373500E1,2.551787167E1,1.323196062E1,1.306365013E0,1.505599976E2,1.500000000E0,8.199999809E0
2.889472720E2,6.499372333E1,2.551788167E1,1.313194857E1,1.318718314E0,1.648699951E2,1.500000000E0,8.399999619E0
2.899472720E2,6.499371167E1,2.551789667E1,1.313193587E1,1.342910290E0,1.527100067E2,1.500000000E0,8.199999809E0
2.909472720E2,6.499369833E1,2.551791167E1,1.283192163E1,1.383573294E0,1.513600006E2,1.500000000E0,8.399999619E0
2.919472720E2,6.499368500E1,2.551792500E1,1.243190760E1,1.396956086E0,1.576100006E2,1.500000000E0,8.300000191E0
2.929472720E2,6.499367333E1,2.551793833E1,1.243189512E1,1.392838359E0,1.656499939E2,1.500000000E0,8.399999619E0
2.939472720E2,6.499366167E1,2.551794333E1,1.263188370E1,1.384602785E0,1.667200012E2,1.399999976E0,8.199999809E0
2.949472720E2,6.499365000E1,2.551794833E1,1.283187228E1,1.386661649E0,1.714900055E2,1.500000000E0,8.000000000E0
2.959472720E2,6.499363833E1,2.551795500E1,1.313186065E1,1.395411968E0,1.707599945E2,1.500000000E0,7.900000095E0
2.969472720E2,6.499362500E1,2.551796000E1,1.323184769E1,1.377911329E0,1.774799957E2,1.500000000E0,7.900000095E0
2.979472720E2,6.499361000E1,2.551796833E1,1.353183277E1,1.378940821E0,1.773399963E2,1.500000000E0,8.199999809E0
2.989472720E2,6.499359833E1,2.551797667E1,1.403182092E1,1.399014950E0,1.809100037E2,1.500000000E0,8.100000381E0
2.999472720E2,6.499358833E1,2.551798167E1,1.463181105E1,1.366072774E0,1.802500000E2,1.500000000E0,7.699999809E0
3.009472720E2,6.499357833E1,2.551798500E1,1.493180138E1,1.309968114E0,1.662200012E2,1.500000000E0,7.800000191E0
3.019472720E2,6.499356833E1,2.551798500E1,1.483179214E1,1.274966955E0,1.686699982E2,1.399999976E0,7.500000000E0
3.029472720E2,6.499356000E1,2.551798167E1,1.503178487E1,1.267246127E0,1.902500000E2,1.399999976E0,7.599999905E0
3.039472720E2,6.499354833E1,2.551797500E1,1.513177495E1,1.279599428E0,1.878600006E2,1.500000000E0,7.800000191E0
3.049472720E2,6.499353167E1,2.551797167E1,1.523175998E1,1.298129439E0,1.849799957E2,1.500000000E0,8.000000000E0
3.059472720E2,6.499351833E1,2.551796500E1,1.523174851E1,1.301732540E0,1.833999939E2,1.500000000E0,8.100000381E0
3.069472720E2,6.499350333E1,2.551796000E1,1.533173530E1,1.330042243E0,1.896199951E2,1.500000000E0,8.100000381E0
3.079472720E2,6.499349167E1,2.551795333E1,1.553172537E1,1.357837200E0,1.868500061E2,1.500000000E0,8.000000000E0
3.089472720E2,6.499348000E1,2.551794833E1,1.613171523E1,1.360925555E0,1.834600067E2,1.500000000E0,8.300000191E0
3.099472720E2,6.499346667E1,2.551794833E1,1.663170292E1,1.397470832E0,1.856300049E2,1.500000000E0,7.800000191E0
3.109472720E2,6.499345500E1,2.551794667E1,1.683169235E1,1.448428392E0,1.858699951E2,1.500000000E0,7.699999809E0
3.119472720E2,6.499344167E1,2.551794167E1,1.673168068E1,1.483429432E0,1.822799988E2,1.500000000E0,7.800000191E0
3.129472720E2,6.499342833E1,2.551794333E1,1.663166814E1,1.496297479E0,1.830200043E2,1.500000000E0,7.900000095E0
3.139472720E2,6.499341667E1,2.551794167E1,1.673165758E1,1.492694497E0,1.840399933E2,1.500000000E0,8.100000381E0
3.149472720E2,6.499340667E1,2.551794333E1,1.673164813E1,1.470046639E0,1.866199951E2,1.500000000E0,8.000000000E0
3.159472720E2,6.499339500E1,2.551794167E1,1.683163756E1,1.465928912E0,1.858699951E2,1.500000000E0,8.000000000E0
3.169472720E2,6.499338333E1,2.551793833E1,1.693162721E1,1.431442499E0,1.874400024E2,1.500000000E0,8.000000000E0
3.179472720E2,6.499337000E1,2.551794167E1,1.703161447E1,1.397985578E0,1.872799988E2,1.500000000E0,8.199999809E0
3.189472720E2,6.499335833E1,2.551794000E1,1.713160390E1,1.382543921E0,1.865700073E2,1.500000000E0,8.199999809E0
3.199472720E2,6.499334333E1,2.551794500E1,1.703158941E1,1.353719473E0,1.802799988E2,1.500000000E0,8.300000191E0
3.209472720E2,6.499333167E1,2.551794833E1,1.673157820E1,1.337763071E0,1.833999939E2,1.500000000E0,8.300000191E0
3.219472720E2,6.499331667E1,2.551794667E1,1.673156456E1,1.332101107E0,1.820899963E2,1.500000000E0,8.199999809E0
3.229472720E2,6.499330333E1,2.551794833E1,1.673155203E1,1.333645225E0,1.809700012E2,1.399999976E0,8.399999619E0
3.239472720E2,6.499329000E1,2.551795167E1,1.663153928E1,1.323865533E0,1.830899963E2,1.500000000E0,8.300000191E0
3.249472720E2,6.499327833E1,2.551795333E1,1.653152829E1,1.330042243E0,1.790399933E2,1.500000000E0,8.199999809E0
3.259472720E2,6.499326333E1,2.551795500E1,1.653151422E1,1.323865533E0,1.917100067E2,1.500000000E0,8.199999809E0
3.269472720E2,6.499325000E1,2.551795167E1,1.643150233E1,1.334674716E0,1.918699951E2,1.500000000E0,8.199999809E0
3.279472720E2,6.499323833E1,2.551795000E1,1.623149177E1,1.342395544E0,1.751600037E2,1.500000000E0,8.300000191E0
3.289472720E2,6.499322500E1,2.551795667E1,1.583147859E1,1.351145864E0,1.757100067E2,1.500000000E0,8.399999619E0
3.299472720E2,6.499321167E1,2.551795667E1,1.553146628E1,1.364013910E0,1.762200012E2,1.500000000E0,8.300000191E0
3.309472720E2,6.499319667E1,2.551796000E1,1.533145199E1,1.378940821E0,1.802100067E2,1.399999976E0,8.100000381E0
3.319472720E2,6.499318167E1,2.551796167E1,1.483143792E1,1.390779495E0,1.806300049E2,1.399999976E0,8.000000000E0
3.329472720E2,6.499316833E1,2.551796333E1,1.443142539E1,1.407250524E0,1.756100006E2,1.500000000E0,8.100000381E0
3.339472720E2,6.499315333E1,2.551796333E1,1.423141153E1,1.425780535E0,1.799199982E2,1.500000000E0,8.100000381E0
3.349472720E2,6.499314000E1,2.551796167E1,1.423139943E1,1.421148062E0,1.823800049E2,1.500000000E0,8.000000000E0
3.359472720E2,6.499312833E1,2.551796167E1,1.413138865E1,1.412912488E0,1.726900024E2,1.500000000E0,8.199999809E0
3.369472720E2,6.499311500E1,2.551796500E1,1.423137590E1,1.425265789E0,1.739499969E2,1.399999976E0,8.300000191E0
3.379472720E2,6.499310333E1,2.551796667E1,1.453136491E1,1.412397742E0,1.747599945E2,1.399999976E0,8.399999619E0
3.389472720E2,6.499309000E1,2.551796500E1,1.473135281E1,1.402618051E0,1.811699982E2,1.500000000E0,8.199999809E0
3.399472720E2,6.499307667E1,2.551796667E1,1.523134028E1,1.405191660E0,1.822299957E2,1.500000000E0,8.100000381E0
3.409472720E2,6.499306000E1,2.551796167E1,1.543132552E1,1.408794761E0,1.761799927E2,1.500000000E0,8.199999809E0
3.419472720E2,6.499304667E1,2.551795833E1,1.553131363E1,1.410338879E0,1.804900055E2,1.500000000E0,8.300000191E0
3.429472720E2,6.499303000E1,2.551795333E1,1.563129888E1,1.396956086E0,1.755099945E2,1.500000000E0,8.399999619E0
3.439472720E2,6.499301667E1,2.551795500E1,1.563128635E1,1.382029176E0,1.791699982E2,1.500000000E0,8.699999809E0
3.449472720E2,6.499300500E1,2.551795000E1,1.573127621E1,1.369161129E0,1.819600067E2,1.600000024E0,9.100000381E0
